{"mean":{"confidence_interval":{"confidence_level":0.95,"lower_bound":-0.01320452356584564,"upper_bound":0.00814423486874131},"point_estimate":-0.0028344483770069706,"standard_error":0.005412117553737368},"median":{"confidence_interval":{"confidence_level":0.95,"lower_bound":0.0008017271857539589,"upper_bound":0.004571690287386465},"point_estimate":0.002601144916203557,"standard_error":0.0009428355877611637}}