{"mean":{"confidence_interval":{"confidence_level":0.95,"lower_bound":-0.010716799919695553,"upper_bound":0.03286511892337149},"point_estimate":0.012148947658721543,"standard_error":0.011140464359033986},"median":{"confidence_interval":{"confidence_level":0.95,"lower_bound":0.038678810544731324,"upper_bound":0.04330847492099088},"point_estimate":0.04125269337818405,"standard_error":0.0012247395512806104}}