{"mean":{"confidence_interval":{"confidence_level":0.95,"lower_bound":0.008626088528328897,"upper_bound":0.039328762170146796},"point_estimate":0.02360967794637525,"standard_error":0.007836018276856005},"median":{"confidence_interval":{"confidence_level":0.95,"lower_bound":0.006280492949254812,"upper_bound":0.035571992307534384},"point_estimate":0.015073259441002351,"standard_error":0.007757576163357787}}